experiment,arm,successes,trials
lora_vs_full,full_finetune,91,120
lora_vs_full,lora_r64_ebs256,18,40
lora_vs_full,lora_r64_ebs64,13,40
lora_vs_full,lora_r256_ebs64,21,40
learning_rate,lr_2e-5,57,80
learning_rate,lr_5e-5_baseline,91,120
learning_rate,lr_1e-4,51,80
batch_size,bs_64,54,80
batch_size,bs_256_baseline,91,120
batch_size,bs_2048,50,80
action_space_and_augmentation,baseline,91,120
action_space_and_augmentation,relative_joint_targets,29,40
action_space_and_augmentation,image_augmentation,30,40
operators_10h,operator1_vr,49,80
operators_10h,operator2_leader_arms,12,40
operators_10h,mixed,51,80
data_quantity,4h,50,80
data_quantity,10h,51,80
data_quantity,21h,91,120
scene_diversity_4h,lightbox_only,13,40
scene_diversity_4h,five_scenes,50,80
data_quality,21h_baseline,91,120
data_quality,21h_plus_1h_hq,36,40
data_quality,1h_hq_only,11,40
interventions_standard_positions,1h_hq_only,11,40
interventions_standard_positions,1h_hq_plus_interventions,35,40
interventions_diverse_positions,1h_hq_only,21,200
interventions_diverse_positions,1h_hq_plus_interventions,19,40
serving_sweep_21h,baseline_R30_B16,91,120
serving_sweep_21h,sync_no_rtc,21,40
serving_sweep_21h,R25_B50,20,40
serving_sweep_21h,R50_B50,22,40
serving_sweep_21h,R50_B1,32,40
serving_sweep_21h,R50_B16,35,40
serving_sweep_21h,R50_B20,74,80
serving_sweep_21h,R50_B25,68,80
serving_sweep_21h,R50_B25_compiled,29,40
serving_best_on_21h_plus_1h,R50_B20,39,40
initialization,pi05_pretrained,91,120
initialization,paligemma_only,0,40
